episode_reward_max,episode_reward_min,episode_reward_mean,episode_len_mean,episodes_this_iter,num_healthy_workers,timesteps_total,agent_timesteps_total,done,episodes_total,training_iteration,experiment_id,date,timestamp,time_this_iter_s,time_total_s,pid,hostname,node_ip,time_since_restore,timesteps_since_restore,iterations_since_restore,trial_id,hist_stats/episode_reward,hist_stats/episode_lengths,sampler_perf/mean_raw_obs_processing_ms,sampler_perf/mean_inference_ms,sampler_perf/mean_action_processing_ms,sampler_perf/mean_env_wait_ms,sampler_perf/mean_env_render_ms,timers/load_time_ms,timers/load_throughput,timers/learn_time_ms,timers/learn_throughput,info/num_steps_sampled,info/num_agent_steps_sampled,info/num_steps_trained,info/num_agent_steps_trained,info/last_target_update_ts,info/num_target_updates,perf/cpu_util_percent,perf/ram_util_percent,info/learner/default_policy/td_error,info/learner/default_policy/learner_stats/cur_lr,info/learner/default_policy/learner_stats/mean_q,info/learner/default_policy/learner_stats/min_q,info/learner/default_policy/learner_stats/max_q,info/learner/default_policy/learner_stats/mean_td_error
0.0,0.0,0.0,189.5,2,0,1000,1000,False,2,1,a93f27f3ab8b419d8901a7061b5413c0,2021-10-28_22-43-11,1635478991,1.3781015872955322,1.3781015872955322,94759,kevin-MS-7C95,10.0.10.216,1.3781015872955322,0,1,53929_00000,"[0.0, 0.0]","[296, 83]",0.08443352225777152,0.813537306123442,0.03419222531618772,0.1017127956424679,0.0,0.171,187454.927,110.085,290.685,1000,1000,32,32,1000,1,10.05,92.05,"[-0.00857495  0.16852993  0.22167599  0.20489258  0.03586426  0.18580252
  0.12159773  0.23640291  0.08923127  0.3375668   0.19763815  0.27190715
  0.22071585  0.21525678  0.2407166   0.3957499   0.35064024  0.18580252
  0.18758531  0.06001883  0.34566677  0.22656737  0.21221283  0.26411474
  0.26973313  0.1629913   0.1759888   0.08647707  0.22967228  0.1298388
  0.13299173  0.05360269]",0.0005000000237487257,0.06448534,-0.10802542,0.28456795,0.19402742
0.0,0.0,0.0,432.25,2,0,2000,2000,False,4,2,a93f27f3ab8b419d8901a7061b5413c0,2021-10-28_22-43-14,1635478994,3.7593650817871094,5.137466669082642,94759,kevin-MS-7C95,10.0.10.216,5.137466669082642,0,2,53929_00000,"[0.0, 0.0, 0.0, 0.0]","[296, 83, 1000, 350]",0.08461904669569709,0.8138718322193651,0.03459110356596024,0.10365544919276498,0.0,0.097,330097.708,6.899,4638.097,2000,2000,8032,8032,1504,2,17.466666666666665,93.18333333333332,"[ 1.1564655  -0.4222784  -0.03471661 -0.07455444 -0.23324108 -0.5851116
  0.11724257 -0.04472828 -0.05897427  0.15479088 -0.09002638 -0.39754725
  0.77569866 -0.0061605  -1.2662306  -0.26937008 -0.10145426  0.2576089
 -0.23324108  0.01704693 -0.07434559 -0.04326391 -0.18795967 -0.3833685
 -0.0185709  -0.4352188  -0.692646    0.20605087  0.12629604 -0.27731228
  0.26333904  0.7940607 ]",0.0005000000237487257,-7.7462773,-10.519795,-2.1738985,-0.06442876
10.0,0.0,0.9090909090909091,268.72727272727275,7,0,3000,3000,False,11,3,a93f27f3ab8b419d8901a7061b5413c0,2021-10-28_22-43-18,1635478998,3.7577085494995117,8.895175218582153,94759,kevin-MS-7C95,10.0.10.216,8.895175218582153,0,3,53929_00000,"[0.0, 0.0, 0.0, 0.0, 0.0, 0.0, 0.0, 0.0, 0.0, 0.0, 10.0]","[296, 83, 1000, 350, 367, 83, 271, 55, 51, 163, 237]",0.08472941538942781,0.816756689877513,0.03477973610257284,0.10480120964087859,0.0,0.156,205697.667,8.031,3984.33,3000,3000,16032,16032,2512,4,21.300000000000004,93.2,"[ 6.9242764e-01 -2.2948980e-01 -2.0321369e-02  4.9707699e-01
  4.3660736e-01  3.8985920e-01 -2.4485588e-04  2.4949217e-01
  2.1333766e-01 -9.4544888e-02  4.8247623e-01  5.5101681e-01
  4.1693306e-01 -3.6751270e-02  1.3901472e-01  1.7436862e-02
 -1.6308248e-01  6.9039464e-01  4.0090752e-01 -1.2383461e-03
 -4.8303604e-03 -1.8389988e-01  5.1194191e-01  3.0329704e-01
 -6.3800335e-02 -8.9019775e-02 -1.9564247e-01  3.1561852e-01
  6.6924477e-01  4.2444825e-01  3.3527780e-01  4.6288967e-01]",0.0005000000237487257,-6.3056984,-9.509136,-1.9102299,0.22240104
10.0,0.0,0.625,243.6875,5,0,4000,4000,False,16,4,a93f27f3ab8b419d8901a7061b5413c0,2021-10-28_22-43-22,1635479002,3.6633012294769287,12.558476448059082,94759,kevin-MS-7C95,10.0.10.216,12.558476448059082,0,4,53929_00000,"[0.0, 0.0, 0.0, 0.0, 0.0, 0.0, 0.0, 0.0, 0.0, 0.0, 10.0, 0.0, 0.0, 0.0, 0.0, 0.0]","[296, 83, 1000, 350, 367, 83, 271, 55, 51, 163, 237, 241, 245, 84, 143, 230]",0.08457805585824127,0.8145841197303616,0.03473487578990996,0.10463029694692066,0.0,0.114,281143.125,7.379,4336.767,4000,4000,24032,24032,3520,6,19.619999999999997,93.66,"[ 0.19976425  0.54126024  0.31182742 -0.41141605 -0.11021328 -0.0031929
 -0.16320395  0.53774405  0.12769318  0.319021    0.6200495  -0.72867906
  0.4030547  -0.11952305  0.69331026  0.87812805  0.5325737   0.3679204
  0.6359961   0.2928207  -0.00828886  0.05153561 -0.7572808  -0.20311737
  0.98422     0.07622313  0.6673913   0.41039515 -0.00804067  0.23064518
 -0.24308968 -0.34437656]",0.0005000000237487257,-6.0299444,-9.943341,-2.1249158,0.180661
10.0,0.0,0.4166666666666667,206.54166666666666,8,0,5000,5000,False,24,5,a93f27f3ab8b419d8901a7061b5413c0,2021-10-28_22-43-26,1635479006,3.5924832820892334,16.150959730148315,94759,kevin-MS-7C95,10.0.10.216,16.150959730148315,0,5,53929_00000,"[0.0, 0.0, 0.0, 0.0, 0.0, 0.0, 0.0, 0.0, 0.0, 0.0, 10.0, 0.0, 0.0, 0.0, 0.0, 0.0, 0.0, 0.0, 0.0, 0.0, 0.0, 0.0, 0.0, 0.0]","[296, 83, 1000, 350, 367, 83, 271, 55, 51, 163, 237, 241, 245, 84, 143, 230, 207, 76, 192, 73, 221, 144, 70, 75]",0.0841357167533315,0.809256692541935,0.03455797548204687,0.10413591225278641,0.0,0.136,234605.363,7.749,4129.611,5000,5000,32032,32032,4528,8,19.53333333333333,93.96666666666665,"[-0.04515743  0.09930182  0.30840588  0.04314899 -0.25126767 -0.338058
  0.09708762 -0.09829473 -0.08495045 -0.09894466 -0.13857436 -0.09106779
  0.19444942 -0.14063323  0.24028301 -0.12936783  0.13837051 -0.05404282
  0.3909502  -0.03577089  0.33963096 -0.13054371 -0.0552454   0.34609032
  0.20685768 -0.08483505 -0.05338669  0.21877241  0.01280296 -1.0321285
 -0.07176781 -0.07065868]",0.0005000000237487257,-5.9600315,-9.078481,-1.6171162,-0.011516996
10.0,0.0,0.29411764705882354,172.58823529411765,10,0,6000,6000,False,34,6,a93f27f3ab8b419d8901a7061b5413c0,2021-10-28_22-43-29,1635479009,3.690537691116333,19.84149742126465,94759,kevin-MS-7C95,10.0.10.216,19.84149742126465,0,6,53929_00000,"[0.0, 0.0, 0.0, 0.0, 0.0, 0.0, 0.0, 0.0, 0.0, 0.0, 10.0, 0.0, 0.0, 0.0, 0.0, 0.0, 0.0, 0.0, 0.0, 0.0, 0.0, 0.0, 0.0, 0.0, 0.0, 0.0, 0.0, 0.0, 0.0, 0.0, 0.0, 0.0, 0.0, 0.0]","[296, 83, 1000, 350, 367, 83, 271, 55, 51, 163, 237, 241, 245, 84, 143, 230, 207, 76, 192, 73, 221, 144, 70, 75, 112, 52, 125, 72, 129, 151, 89, 65, 39, 77]",0.08393327549386219,0.8051561350537658,0.03443798123160132,0.1039249257331678,0.0,0.125,255604.129,7.5,4266.393,6000,6000,40032,40032,5536,10,23.5,94.32000000000001,"[ 0.08868408 -0.32185555  0.06651211 -0.00839949  0.11057758  0.13890266
 -0.0535965  -0.8631773  -0.2702136  -0.14343023  0.19470072  0.23799038
  0.15136045 -0.02929306  0.07111573 -0.1749773   0.23355591  0.08120441
  0.06451035  0.00867462  0.11059439 -0.29702425  0.04218721 -0.19676495
  0.11405206 -0.680886    0.00972426  0.09918571 -0.15889072  0.06246638
  0.05643368  0.12654352]",0.0005000000237487257,-4.8982835,-8.747432,0.8701825,-0.0352979
10.0,0.0,0.21739130434782608,149.67391304347825,12,0,7000,7000,False,46,7,a93f27f3ab8b419d8901a7061b5413c0,2021-10-28_22-43-33,1635479013,3.810482978820801,23.65198040008545,94759,kevin-MS-7C95,10.0.10.216,23.65198040008545,0,7,53929_00000,"[0.0, 0.0, 0.0, 0.0, 0.0, 0.0, 0.0, 0.0, 0.0, 0.0, 10.0, 0.0, 0.0, 0.0, 0.0, 0.0, 0.0, 0.0, 0.0, 0.0, 0.0, 0.0, 0.0, 0.0, 0.0, 0.0, 0.0, 0.0, 0.0, 0.0, 0.0, 0.0, 0.0, 0.0, 0.0, 0.0, 0.0, 0.0, 0.0, 0.0, 0.0, 0.0, 0.0, 0.0, 0.0, 0.0]","[296, 83, 1000, 350, 367, 83, 271, 55, 51, 163, 237, 241, 245, 84, 143, 230, 207, 76, 192, 73, 221, 144, 70, 75, 112, 52, 125, 72, 129, 151, 89, 65, 39, 77, 138, 32, 218, 51, 40, 121, 70, 37, 51, 56, 86, 117]",0.08392050264111126,0.80327295131422,0.03437471918736194,0.10386597207375493,0.0,0.113,283458.771,7.572,4226.119,7000,7000,48032,48032,6544,12,23.3,94.72,"[-0.10590649 -0.32002476  0.32932234  0.29745388 -0.5008688   0.32095718
 -0.4511757   0.45811272  0.14376903 -0.29669762 -0.06727946  0.11382484
 -0.07913971 -0.02322332 -0.23225975 -0.7438154   0.29125857  0.11131644
  0.15245342 -0.16053915  0.12658143 -0.1778543   0.00409722  0.39232823
 -0.00614214  0.08436704 -0.5515356  -0.5406661  -0.65668964  0.3213749
  0.43280435 -0.25740147]",0.0005000000237487257,-4.8564014,-9.083923,0.11412016,-0.04972493
10.0,0.0,0.3448275862068966,136.25862068965517,12,0,8000,8000,False,58,8,a93f27f3ab8b419d8901a7061b5413c0,2021-10-28_22-43-37,1635479017,3.698848009109497,27.350828409194946,94759,kevin-MS-7C95,10.0.10.216,27.350828409194946,0,8,53929_00000,"[0.0, 0.0, 0.0, 0.0, 0.0, 0.0, 0.0, 0.0, 0.0, 0.0, 10.0, 0.0, 0.0, 0.0, 0.0, 0.0, 0.0, 0.0, 0.0, 0.0, 0.0, 0.0, 0.0, 0.0, 0.0, 0.0, 0.0, 0.0, 0.0, 0.0, 0.0, 0.0, 0.0, 0.0, 0.0, 0.0, 0.0, 0.0, 0.0, 0.0, 0.0, 0.0, 0.0, 0.0, 0.0, 0.0, 0.0, 0.0, 0.0, 0.0, 0.0, 0.0, 0.0, 0.0, 0.0, 0.0, 10.0, 0.0]","[296, 83, 1000, 350, 367, 83, 271, 55, 51, 163, 237, 241, 245, 84, 143, 230, 207, 76, 192, 73, 221, 144, 70, 75, 112, 52, 125, 72, 129, 151, 89, 65, 39, 77, 138, 32, 218, 51, 40, 121, 70, 37, 51, 56, 86, 117, 136, 187, 37, 17, 80, 39, 203, 38, 53, 48, 156, 24]",0.08387244600687677,0.8018939515864486,0.0343166837130169,0.10373187627297796,0.0,0.115,277998.608,7.047,4540.81,8000,8000,56032,56032,7552,14,19.533333333333335,94.76666666666667,"[ 0.220227   -0.01083755  0.08651066  0.12547779  0.02374089  0.01277149
 -0.30194306  0.39239073 -0.14256787  0.40899563 -0.7865026   0.33253384
 -0.29815388  0.02684259  0.20713472 -0.00195503  0.00764322  0.04909229
  0.12973613  0.23559093  0.48562264  0.30896854  0.35042262  0.27800417
 -0.5792513  -0.22336626  0.05405951 -0.26507142  0.6047282   0.3824916
  0.05504572  0.22332585]",0.0005000000237487257,-3.6816733,-7.528873,-0.38502362,0.07474087
10.0,0.0,0.43478260869565216,130.0,11,0,9000,9000,False,69,9,a93f27f3ab8b419d8901a7061b5413c0,2021-10-28_22-43-41,1635479021,3.7044260501861572,31.055254459381104,94759,kevin-MS-7C95,10.0.10.216,31.055254459381104,0,9,53929_00000,"[0.0, 0.0, 0.0, 0.0, 0.0, 0.0, 0.0, 0.0, 0.0, 0.0, 10.0, 0.0, 0.0, 0.0, 0.0, 0.0, 0.0, 0.0, 0.0, 0.0, 0.0, 0.0, 0.0, 0.0, 0.0, 0.0, 0.0, 0.0, 0.0, 0.0, 0.0, 0.0, 0.0, 0.0, 0.0, 0.0, 0.0, 0.0, 0.0, 0.0, 0.0, 0.0, 0.0, 0.0, 0.0, 0.0, 0.0, 0.0, 0.0, 0.0, 0.0, 0.0, 0.0, 0.0, 0.0, 0.0, 10.0, 0.0, 0.0, 0.0, 0.0, 0.0, 0.0, 0.0, 0.0, 0.0, 0.0, 10.0, 0.0]","[296, 83, 1000, 350, 367, 83, 271, 55, 51, 163, 237, 241, 245, 84, 143, 230, 207, 76, 192, 73, 221, 144, 70, 75, 112, 52, 125, 72, 129, 151, 89, 65, 39, 77, 138, 32, 218, 51, 40, 121, 70, 37, 51, 56, 86, 117, 136, 187, 37, 17, 80, 39, 203, 38, 53, 48, 156, 24, 131, 61, 20, 198, 72, 50, 207, 58, 23, 197, 50]",0.08382261104475752,0.8007618113767038,0.03426909203216731,0.10360254981210364,0.0,0.126,254682.596,7.189,4451.371,9000,9000,64032,64032,8560,16,20.54,94.88,"[ 0.31951523 -0.3944651  -0.02472514  0.0635922   0.13238573  0.14605236
  0.02319407  0.37034082 -0.4057684   0.15844488  0.03944063  0.18092489
  0.5063038  -0.08591482 -0.2019012  -0.11439496  0.45206308 -0.08462024
 -0.03963733  0.3277012  -0.06182289  0.18036604 -0.16218941  0.35341024
  0.17142558  0.10493398  0.02102017  0.17154181  0.355752    0.02047517
  0.24807882  0.6172013 ]",0.0005000000237487257,-3.1519892,-7.054928,-0.030025473,0.10589765
10.0,0.0,0.5,124.775,11,0,10000,10000,False,80,10,a93f27f3ab8b419d8901a7061b5413c0,2021-10-28_22-43-44,1635479024,3.6254093647003174,34.68066382408142,94759,kevin-MS-7C95,10.0.10.216,34.68066382408142,0,10,53929_00000,"[0.0, 0.0, 0.0, 0.0, 0.0, 0.0, 0.0, 0.0, 0.0, 0.0, 10.0, 0.0, 0.0, 0.0, 0.0, 0.0, 0.0, 0.0, 0.0, 0.0, 0.0, 0.0, 0.0, 0.0, 0.0, 0.0, 0.0, 0.0, 0.0, 0.0, 0.0, 0.0, 0.0, 0.0, 0.0, 0.0, 0.0, 0.0, 0.0, 0.0, 0.0, 0.0, 0.0, 0.0, 0.0, 0.0, 0.0, 0.0, 0.0, 0.0, 0.0, 0.0, 0.0, 0.0, 0.0, 0.0, 10.0, 0.0, 0.0, 0.0, 0.0, 0.0, 0.0, 0.0, 0.0, 0.0, 0.0, 10.0, 0.0, 10.0, 0.0, 0.0, 0.0, 0.0, 0.0, 0.0, 0.0, 0.0, 0.0, 0.0]","[296, 83, 1000, 350, 367, 83, 271, 55, 51, 163, 237, 241, 245, 84, 143, 230, 207, 76, 192, 73, 221, 144, 70, 75, 112, 52, 125, 72, 129, 151, 89, 65, 39, 77, 138, 32, 218, 51, 40, 121, 70, 37, 51, 56, 86, 117, 136, 187, 37, 17, 80, 39, 203, 38, 53, 48, 156, 24, 131, 61, 20, 198, 72, 50, 207, 58, 23, 197, 50, 311, 48, 57, 88, 99, 28, 62, 79, 183, 29, 28]",0.08373933625776042,0.799550396421074,0.034211647553215443,0.10343686226580676,0.0,0.116,276737.584,7.366,4344.22,10000,10000,72032,72032,9568,18,19.06,94.92,"[ 2.0637608e-01  2.0000818e+00 -7.7218652e-02 -2.0689338e-01
 -1.0351372e-01  3.0355453e-02 -2.0572633e-02  1.2768555e-01
 -1.9018507e-01  2.0566702e-01 -4.6454763e-01  6.9698282e-02
  6.3304424e-02  2.8720379e-01 -3.2259727e-01 -2.8925866e-02
  1.1796951e-03 -4.0298175e-02  8.5495472e-02  5.7096709e-02
 -4.9295425e-02  6.7069292e-02  7.0094585e-02  2.5249720e-01
  1.5958762e-01  3.0355453e-02 -2.3141646e-01  6.7069292e-02
  2.1694994e-01  1.0249254e-01 -5.8773041e-02 -3.6598384e-02]",0.0005000000237487257,-2.5808518,-6.5192213,1.2782454,0.07091951
10.0,0.0,0.43956043956043955,117.48351648351648,11,0,11000,11000,False,91,11,a93f27f3ab8b419d8901a7061b5413c0,2021-10-28_22-43-48,1635479028,3.710703134536743,38.391366958618164,94759,kevin-MS-7C95,10.0.10.216,38.391366958618164,0,11,53929_00000,"[0.0, 0.0, 0.0, 0.0, 0.0, 0.0, 0.0, 0.0, 0.0, 0.0, 10.0, 0.0, 0.0, 0.0, 0.0, 0.0, 0.0, 0.0, 0.0, 0.0, 0.0, 0.0, 0.0, 0.0, 0.0, 0.0, 0.0, 0.0, 0.0, 0.0, 0.0, 0.0, 0.0, 0.0, 0.0, 0.0, 0.0, 0.0, 0.0, 0.0, 0.0, 0.0, 0.0, 0.0, 0.0, 0.0, 0.0, 0.0, 0.0, 0.0, 0.0, 0.0, 0.0, 0.0, 0.0, 0.0, 10.0, 0.0, 0.0, 0.0, 0.0, 0.0, 0.0, 0.0, 0.0, 0.0, 0.0, 10.0, 0.0, 10.0, 0.0, 0.0, 0.0, 0.0, 0.0, 0.0, 0.0, 0.0, 0.0, 0.0, 0.0, 0.0, 0.0, 0.0, 0.0, 0.0, 0.0, 0.0, 0.0, 0.0, 0.0]","[296, 83, 1000, 350, 367, 83, 271, 55, 51, 163, 237, 241, 245, 84, 143, 230, 207, 76, 192, 73, 221, 144, 70, 75, 112, 52, 125, 72, 129, 151, 89, 65, 39, 77, 138, 32, 218, 51, 40, 121, 70, 37, 51, 56, 86, 117, 136, 187, 37, 17, 80, 39, 203, 38, 53, 48, 156, 24, 131, 61, 20, 198, 72, 50, 207, 58, 23, 197, 50, 311, 48, 57, 88, 99, 28, 62, 79, 183, 29, 28, 58, 44, 147, 258, 26, 28, 28, 29, 29, 30, 32]",0.08368238614077797,0.7985199212273013,0.034170132314196654,0.10331235373808005,0.0,0.124,258409.18,7.321,4371.073,11000,11000,80032,80032,10576,20,20.25,95.0,"[ 0.11498547  0.02553484 -0.15085807  0.25942707  0.17020154  0.615417
 -0.04841243  0.10804737 -0.21537435  0.2077806   0.23889989  0.13264608
  0.34945077 -0.12664485 -0.02680135 -0.38750887  0.2666409  -0.08069038
  0.01122105  0.21299934  0.41173506 -0.10890496 -0.02310354 -0.17848945
 -0.03771988  0.09191233 -0.1321408   0.08803686 -0.2190361   0.06739357
  0.1752696  -0.15742056]",0.0005000000237487257,-1.7423784,-4.8565764,0.24586406,0.05170293
10.0,0.0,0.43478260869565216,121.42391304347827,1,0,12000,12000,False,92,12,a93f27f3ab8b419d8901a7061b5413c0,2021-10-28_22-43-52,1635479032,3.7021474838256836,42.09351444244385,94759,kevin-MS-7C95,10.0.10.216,42.09351444244385,0,12,53929_00000,"[0.0, 0.0, 0.0, 0.0, 0.0, 0.0, 0.0, 0.0, 0.0, 0.0, 10.0, 0.0, 0.0, 0.0, 0.0, 0.0, 0.0, 0.0, 0.0, 0.0, 0.0, 0.0, 0.0, 0.0, 0.0, 0.0, 0.0, 0.0, 0.0, 0.0, 0.0, 0.0, 0.0, 0.0, 0.0, 0.0, 0.0, 0.0, 0.0, 0.0, 0.0, 0.0, 0.0, 0.0, 0.0, 0.0, 0.0, 0.0, 0.0, 0.0, 0.0, 0.0, 0.0, 0.0, 0.0, 0.0, 10.0, 0.0, 0.0, 0.0, 0.0, 0.0, 0.0, 0.0, 0.0, 0.0, 0.0, 10.0, 0.0, 10.0, 0.0, 0.0, 0.0, 0.0, 0.0, 0.0, 0.0, 0.0, 0.0, 0.0, 0.0, 0.0, 0.0, 0.0, 0.0, 0.0, 0.0, 0.0, 0.0, 0.0, 0.0, 0.0]","[296, 83, 1000, 350, 367, 83, 271, 55, 51, 163, 237, 241, 245, 84, 143, 230, 207, 76, 192, 73, 221, 144, 70, 75, 112, 52, 125, 72, 129, 151, 89, 65, 39, 77, 138, 32, 218, 51, 40, 121, 70, 37, 51, 56, 86, 117, 136, 187, 37, 17, 80, 39, 203, 38, 53, 48, 156, 24, 131, 61, 20, 198, 72, 50, 207, 58, 23, 197, 50, 311, 48, 57, 88, 99, 28, 62, 79, 183, 29, 28, 58, 44, 147, 258, 26, 28, 28, 29, 29, 30, 32, 480]",0.08367614687669261,0.7984349647297364,0.034166833301057034,0.10330290365936615,0.0,0.162,196973.478,8.744,3659.552,12000,12000,88032,88032,11584,22,19.4,95.38000000000001,"[-0.46018013 -0.03305101  0.1160703  -0.06450057  0.07365942  0.54859567
 -0.9414929   0.02137756  0.02275515 -0.54822344 -0.26194668 -0.16346693
 -0.02405256 -0.05733357  0.07827252  0.03178638 -0.37726498 -0.28729916
 -0.05773625  0.05393669  0.03027284 -0.02405256 -0.76781225 -0.25949645
 -0.17892149  0.14938283 -0.08835632  0.24617028 -0.03129844 -0.13013339
  0.38647246 -0.3914028 ]",0.0005000000237487257,-1.5869546,-7.2994065,1.1754987,-0.10591468
10.0,0.0,0.4166666666666667,135.04166666666666,4,0,13000,13000,False,96,13,a93f27f3ab8b419d8901a7061b5413c0,2021-10-28_22-43-55,1635479035,3.8242745399475098,45.91778898239136,94759,kevin-MS-7C95,10.0.10.216,45.91778898239136,0,13,53929_00000,"[0.0, 0.0, 0.0, 0.0, 0.0, 0.0, 0.0, 0.0, 0.0, 0.0, 10.0, 0.0, 0.0, 0.0, 0.0, 0.0, 0.0, 0.0, 0.0, 0.0, 0.0, 0.0, 0.0, 0.0, 0.0, 0.0, 0.0, 0.0, 0.0, 0.0, 0.0, 0.0, 0.0, 0.0, 0.0, 0.0, 0.0, 0.0, 0.0, 0.0, 0.0, 0.0, 0.0, 0.0, 0.0, 0.0, 0.0, 0.0, 0.0, 0.0, 0.0, 0.0, 0.0, 0.0, 0.0, 0.0, 10.0, 0.0, 0.0, 0.0, 0.0, 0.0, 0.0, 0.0, 0.0, 0.0, 0.0, 10.0, 0.0, 10.0, 0.0, 0.0, 0.0, 0.0, 0.0, 0.0, 0.0, 0.0, 0.0, 0.0, 0.0, 0.0, 0.0, 0.0, 0.0, 0.0, 0.0, 0.0, 0.0, 0.0, 0.0, 0.0, 0.0, 0.0, 0.0, 0.0]","[296, 83, 1000, 350, 367, 83, 271, 55, 51, 163, 237, 241, 245, 84, 143, 230, 207, 76, 192, 73, 221, 144, 70, 75, 112, 52, 125, 72, 129, 151, 89, 65, 39, 77, 138, 32, 218, 51, 40, 121, 70, 37, 51, 56, 86, 117, 136, 187, 37, 17, 80, 39, 203, 38, 53, 48, 156, 24, 131, 61, 20, 198, 72, 50, 207, 58, 23, 197, 50, 311, 48, 57, 88, 99, 28, 62, 79, 183, 29, 28, 58, 44, 147, 258, 26, 28, 28, 29, 29, 30, 32, 480, 1000, 644, 56, 93]",0.08364766986759224,0.7981444309098272,0.03415268255149751,0.10325837748583118,0.0,0.151,211299.95,7.765,4121.154,13000,13000,96032,96032,12592,24,18.84,95.46000000000001,"[-0.08403301 -0.06680312 -0.01389088 -0.01389088  0.16426468  0.33750868
 -0.36094892 -0.05355625 -0.253299   -0.08553924  0.0102005  -0.04645824
  0.61873806 -0.19605911 -0.05428544 -0.15688086  0.22486931 -0.15076403
 -0.15831429 -0.05968499 -0.02395391  0.00655927  0.04552857  0.11260474
 -0.05873132 -0.12862092 -0.07148939 -0.3781767  -0.09244886 -0.04175835
 -0.10695904  0.12820387]",0.0005000000237487257,-1.3348691,-5.102547,0.26025492,-0.031502157
10.0,0.0,0.4,122.25,7,0,14000,14000,False,103,14,a93f27f3ab8b419d8901a7061b5413c0,2021-10-28_22-43-59,1635479039,3.925091028213501,49.84288001060486,94759,kevin-MS-7C95,10.0.10.216,49.84288001060486,0,14,53929_00000,"[0.0, 0.0, 0.0, 0.0, 0.0, 0.0, 0.0, 10.0, 0.0, 0.0, 0.0, 0.0, 0.0, 0.0, 0.0, 0.0, 0.0, 0.0, 0.0, 0.0, 0.0, 0.0, 0.0, 0.0, 0.0, 0.0, 0.0, 0.0, 0.0, 0.0, 0.0, 0.0, 0.0, 0.0, 0.0, 0.0, 0.0, 0.0, 0.0, 0.0, 0.0, 0.0, 0.0, 0.0, 0.0, 0.0, 0.0, 0.0, 0.0, 0.0, 0.0, 0.0, 0.0, 10.0, 0.0, 0.0, 0.0, 0.0, 0.0, 0.0, 0.0, 0.0, 0.0, 0.0, 10.0, 0.0, 10.0, 0.0, 0.0, 0.0, 0.0, 0.0, 0.0, 0.0, 0.0, 0.0, 0.0, 0.0, 0.0, 0.0, 0.0, 0.0, 0.0, 0.0, 0.0, 0.0, 0.0, 0.0, 0.0, 0.0, 0.0, 0.0, 0.0, 0.0, 0.0, 0.0, 0.0, 0.0, 0.0, 0.0]","[350, 367, 83, 271, 55, 51, 163, 237, 241, 245, 84, 143, 230, 207, 76, 192, 73, 221, 144, 70, 75, 112, 52, 125, 72, 129, 151, 89, 65, 39, 77, 138, 32, 218, 51, 40, 121, 70, 37, 51, 56, 86, 117, 136, 187, 37, 17, 80, 39, 203, 38, 53, 48, 156, 24, 131, 61, 20, 198, 72, 50, 207, 58, 23, 197, 50, 311, 48, 57, 88, 99, 28, 62, 79, 183, 29, 28, 58, 44, 147, 258, 26, 28, 28, 29, 29, 30, 32, 480, 1000, 644, 56, 93, 250, 45, 45, 24, 21, 97, 158]",0.08360229695833812,0.7975119327104971,0.03413219044687074,0.10322249747500631,0.0,0.134,239247.287,7.987,4006.583,14000,14000,104032,104032,13600,26,19.5,95.51666666666667,"[-0.03269875 -0.18175831  0.7220235  -0.6618879   0.31847954 -0.25830936
  0.2924018   0.54044294  0.00662878  0.75267744  0.2862401   0.34042072
 -0.04592174  0.06424218 -0.01327771 -0.19200641 -0.04398704 -0.09967206
 -0.05423424  0.84647083 -0.18560183  0.20347738  0.4556136  -0.05768112
  0.88320065  0.2942214   0.22948486  0.38456583  0.3007983   0.01816246
 -0.06587684 -0.17505136]",0.0005000000237487257,-2.4202716,-6.207147,0.2229793,0.15223712
10.0,0.0,0.4,128.75,1,0,15000,15000,False,104,15,a93f27f3ab8b419d8901a7061b5413c0,2021-10-28_22-44-03,1635479043,3.8763046264648438,53.7191846370697,94759,kevin-MS-7C95,10.0.10.216,53.7191846370697,0,15,53929_00000,"[0.0, 0.0, 0.0, 0.0, 0.0, 0.0, 10.0, 0.0, 0.0, 0.0, 0.0, 0.0, 0.0, 0.0, 0.0, 0.0, 0.0, 0.0, 0.0, 0.0, 0.0, 0.0, 0.0, 0.0, 0.0, 0.0, 0.0, 0.0, 0.0, 0.0, 0.0, 0.0, 0.0, 0.0, 0.0, 0.0, 0.0, 0.0, 0.0, 0.0, 0.0, 0.0, 0.0, 0.0, 0.0, 0.0, 0.0, 0.0, 0.0, 0.0, 0.0, 0.0, 10.0, 0.0, 0.0, 0.0, 0.0, 0.0, 0.0, 0.0, 0.0, 0.0, 0.0, 10.0, 0.0, 10.0, 0.0, 0.0, 0.0, 0.0, 0.0, 0.0, 0.0, 0.0, 0.0, 0.0, 0.0, 0.0, 0.0, 0.0, 0.0, 0.0, 0.0, 0.0, 0.0, 0.0, 0.0, 0.0, 0.0, 0.0, 0.0, 0.0, 0.0, 0.0, 0.0, 0.0, 0.0, 0.0, 0.0, 0.0]","[367, 83, 271, 55, 51, 163, 237, 241, 245, 84, 143, 230, 207, 76, 192, 73, 221, 144, 70, 75, 112, 52, 125, 72, 129, 151, 89, 65, 39, 77, 138, 32, 218, 51, 40, 121, 70, 37, 51, 56, 86, 117, 136, 187, 37, 17, 80, 39, 203, 38, 53, 48, 156, 24, 131, 61, 20, 198, 72, 50, 207, 58, 23, 197, 50, 311, 48, 57, 88, 99, 28, 62, 79, 183, 29, 28, 58, 44, 147, 258, 26, 28, 28, 29, 29, 30, 32, 480, 1000, 644, 56, 93, 250, 45, 45, 24, 21, 97, 158, 1000]",0.08358993308116462,0.7973560485353504,0.03412315274903413,0.10319466124661995,0.0,0.154,207446.257,7.453,4293.827,15000,15000,112032,112032,14608,28,18.96,95.52000000000001,"[-0.15488853 -0.14436483 -0.55819917  0.03433932 -0.01658587  0.05084753
  0.07698262 -0.02511498  0.30763745  0.10691476 -0.07074749 -0.04348968
  0.082452   -0.00395179 -0.06925899 -0.09984714 -0.20250678  0.19742084
 -0.0117175  -0.001055   -0.20631918 -0.24756825  0.12627794  0.125135
 -0.65851986  0.21266747  0.01455498  0.19328904 -0.16478702  0.05920696
  0.01465964 -0.00471804]",0.0005000000237487257,-1.1304712,-5.9682565,2.1540027,-0.033789206
10.0,0.0,0.4,121.6,11,0,16000,16000,False,115,16,a93f27f3ab8b419d8901a7061b5413c0,2021-10-28_22-44-07,1635479047,3.9342362880706787,57.65342092514038,94759,kevin-MS-7C95,10.0.10.216,57.65342092514038,0,16,53929_00000,"[0.0, 0.0, 0.0, 0.0, 0.0, 0.0, 0.0, 0.0, 0.0, 0.0, 0.0, 0.0, 0.0, 0.0, 0.0, 0.0, 0.0, 0.0, 0.0, 0.0, 0.0, 0.0, 0.0, 0.0, 0.0, 0.0, 0.0, 0.0, 0.0, 0.0, 0.0, 0.0, 0.0, 0.0, 0.0, 0.0, 0.0, 0.0, 0.0, 0.0, 0.0, 10.0, 0.0, 0.0, 0.0, 0.0, 0.0, 0.0, 0.0, 0.0, 0.0, 0.0, 10.0, 0.0, 10.0, 0.0, 0.0, 0.0, 0.0, 0.0, 0.0, 0.0, 0.0, 0.0, 0.0, 0.0, 0.0, 0.0, 0.0, 0.0, 0.0, 0.0, 0.0, 0.0, 0.0, 0.0, 0.0, 0.0, 0.0, 0.0, 0.0, 0.0, 0.0, 0.0, 0.0, 0.0, 0.0, 0.0, 0.0, 0.0, 10.0, 0.0, 0.0, 0.0, 0.0, 0.0, 0.0, 0.0, 0.0, 0.0]","[230, 207, 76, 192, 73, 221, 144, 70, 75, 112, 52, 125, 72, 129, 151, 89, 65, 39, 77, 138, 32, 218, 51, 40, 121, 70, 37, 51, 56, 86, 117, 136, 187, 37, 17, 80, 39, 203, 38, 53, 48, 156, 24, 131, 61, 20, 198, 72, 50, 207, 58, 23, 197, 50, 311, 48, 57, 88, 99, 28, 62, 79, 183, 29, 28, 58, 44, 147, 258, 26, 28, 28, 29, 29, 30, 32, 480, 1000, 644, 56, 93, 250, 45, 45, 24, 21, 97, 158, 1000, 600, 194, 40, 59, 21, 21, 18, 104, 29, 29, 110]",0.083529814841106,0.795929769899723,0.03406728884758822,0.10302727541442212,0.0,0.151,212437.05,8.062,3969.142,16000,16000,120032,120032,15616,30,19.433333333333334,95.78333333333335,"[ 1.65076494e-01 -4.27805670e-02 -9.24598053e-02  1.31149560e-01
  1.68891668e-01  1.82579398e-01 -1.20458126e-01  3.02534223e-01
  1.10253239e+00  2.95556545e-01  8.64560604e-02 -1.20971903e-01
  5.45053221e-02 -2.10306048e-02  1.72694206e-01 -2.23881245e-01
  5.59678078e-02 -6.78161234e-02 -9.07450691e-02  9.63620424e-01
  2.73363292e-03 -3.32381487e-01  6.76976144e-03 -1.12072960e-01
 -3.82945202e-02 -5.21342754e-02 -3.04614007e-03 -5.61832786e-02
 -9.81779695e-02  3.93200934e-01 -6.50544539e-02 -7.31493855e+00]",0.0005000000237487257,-1.1435543,-4.9544983,1.1576159,-0.14900497
10.0,0.0,0.4,118.91,8,0,17000,17000,False,123,17,a93f27f3ab8b419d8901a7061b5413c0,2021-10-28_22-44-11,1635479051,3.8773534297943115,61.53077435493469,94759,kevin-MS-7C95,10.0.10.216,61.53077435493469,0,17,53929_00000,"[0.0, 0.0, 0.0, 0.0, 0.0, 0.0, 0.0, 0.0, 0.0, 0.0, 0.0, 0.0, 0.0, 0.0, 0.0, 0.0, 0.0, 0.0, 0.0, 0.0, 0.0, 0.0, 0.0, 0.0, 0.0, 0.0, 0.0, 0.0, 0.0, 0.0, 0.0, 0.0, 0.0, 10.0, 0.0, 0.0, 0.0, 0.0, 0.0, 0.0, 0.0, 0.0, 0.0, 0.0, 10.0, 0.0, 10.0, 0.0, 0.0, 0.0, 0.0, 0.0, 0.0, 0.0, 0.0, 0.0, 0.0, 0.0, 0.0, 0.0, 0.0, 0.0, 0.0, 0.0, 0.0, 0.0, 0.0, 0.0, 0.0, 0.0, 0.0, 0.0, 0.0, 0.0, 0.0, 0.0, 0.0, 0.0, 0.0, 0.0, 0.0, 0.0, 10.0, 0.0, 0.0, 0.0, 0.0, 0.0, 0.0, 0.0, 0.0, 0.0, 0.0, 0.0, 0.0, 0.0, 0.0, 0.0, 0.0, 0.0]","[75, 112, 52, 125, 72, 129, 151, 89, 65, 39, 77, 138, 32, 218, 51, 40, 121, 70, 37, 51, 56, 86, 117, 136, 187, 37, 17, 80, 39, 203, 38, 53, 48, 156, 24, 131, 61, 20, 198, 72, 50, 207, 58, 23, 197, 50, 311, 48, 57, 88, 99, 28, 62, 79, 183, 29, 28, 58, 44, 147, 258, 26, 28, 28, 29, 29, 30, 32, 480, 1000, 644, 56, 93, 250, 45, 45, 24, 21, 97, 158, 1000, 600, 194, 40, 59, 21, 21, 18, 104, 29, 29, 110, 219, 87, 18, 20, 308, 52, 114, 126]",0.08358809758343683,0.796267117017522,0.03407247074115513,0.10305548552156285,0.0,0.133,240533.563,7.727,4141.334,17000,17000,128032,128032,16624,32,19.95,96.09999999999998,"[ 0.02535887 -0.03662951 -0.43868923 -0.20188619 -0.06411391 -0.09819914
  0.05493021 -0.70750403 -0.08227825  0.07569312 -0.1083702   0.07021761
 -0.19003534  0.14323664  0.05493021  0.01754649  0.01234217 -0.15124846
  0.03206849 -0.02974596 -0.13305092 -0.7294216   0.08807294 -0.03804231
  0.08725929 -0.16018796  0.79269874 -0.05363182 -0.05925412 -0.03490087
 -0.60504436 -0.00527849]",0.0005000000237487257,-1.3808867,-5.136514,0.2583589,-0.077286184
10.0,0.0,0.4,128.16,1,0,18000,18000,False,124,18,a93f27f3ab8b419d8901a7061b5413c0,2021-10-28_22-44-15,1635479055,3.79817795753479,65.32895231246948,94759,kevin-MS-7C95,10.0.10.216,65.32895231246948,0,18,53929_00000,"[0.0, 0.0, 0.0, 0.0, 0.0, 0.0, 0.0, 0.0, 0.0, 0.0, 0.0, 0.0, 0.0, 0.0, 0.0, 0.0, 0.0, 0.0, 0.0, 0.0, 0.0, 0.0, 0.0, 0.0, 0.0, 0.0, 0.0, 0.0, 0.0, 0.0, 0.0, 0.0, 10.0, 0.0, 0.0, 0.0, 0.0, 0.0, 0.0, 0.0, 0.0, 0.0, 0.0, 10.0, 0.0, 10.0, 0.0, 0.0, 0.0, 0.0, 0.0, 0.0, 0.0, 0.0, 0.0, 0.0, 0.0, 0.0, 0.0, 0.0, 0.0, 0.0, 0.0, 0.0, 0.0, 0.0, 0.0, 0.0, 0.0, 0.0, 0.0, 0.0, 0.0, 0.0, 0.0, 0.0, 0.0, 0.0, 0.0, 0.0, 0.0, 10.0, 0.0, 0.0, 0.0, 0.0, 0.0, 0.0, 0.0, 0.0, 0.0, 0.0, 0.0, 0.0, 0.0, 0.0, 0.0, 0.0, 0.0, 0.0]","[112, 52, 125, 72, 129, 151, 89, 65, 39, 77, 138, 32, 218, 51, 40, 121, 70, 37, 51, 56, 86, 117, 136, 187, 37, 17, 80, 39, 203, 38, 53, 48, 156, 24, 131, 61, 20, 198, 72, 50, 207, 58, 23, 197, 50, 311, 48, 57, 88, 99, 28, 62, 79, 183, 29, 28, 58, 44, 147, 258, 26, 28, 28, 29, 29, 30, 32, 480, 1000, 644, 56, 93, 250, 45, 45, 24, 21, 97, 158, 1000, 600, 194, 40, 59, 21, 21, 18, 104, 29, 29, 110, 219, 87, 18, 20, 308, 52, 114, 126, 1000]",0.0835956834913022,0.7963320806837706,0.03407345652112579,0.10306026950064574,0.0,0.148,216724.896,7.747,4130.628,18000,18000,136032,136032,17632,34,19.04,96.26,"[-0.06073876 -1.2794256  -0.04395214  0.02155272  0.04436673 -0.0680908
 -0.04379652 -0.14770722 -0.04856102 -0.05365525 -0.1354772  -0.02999922
 -0.0293021  -0.06684278  0.04493314 -0.02481992 -0.04142177 -0.0713004
  0.03623372 -0.01934741 -0.04087722 -0.10734081 -0.19412065 -0.4030249
  0.51965094 -0.11087513 -0.17845148 -0.00607421 -0.05662239  0.4453001
  0.00663149 -0.23538089]",0.0005000000237487257,-0.29266757,-4.5893993,10.77934,-0.07432929
10.0,0.0,0.5,133.5,5,0,19000,19000,False,129,19,a93f27f3ab8b419d8901a7061b5413c0,2021-10-28_22-44-19,1635479059,3.8355557918548584,69.16450810432434,94759,kevin-MS-7C95,10.0.10.216,69.16450810432434,0,19,53929_00000,"[0.0, 0.0, 0.0, 0.0, 0.0, 0.0, 0.0, 0.0, 0.0, 0.0, 0.0, 0.0, 0.0, 0.0, 0.0, 0.0, 0.0, 0.0, 0.0, 0.0, 0.0, 0.0, 0.0, 0.0, 0.0, 0.0, 0.0, 10.0, 0.0, 0.0, 0.0, 0.0, 0.0, 0.0, 0.0, 0.0, 0.0, 0.0, 10.0, 0.0, 10.0, 0.0, 0.0, 0.0, 0.0, 0.0, 0.0, 0.0, 0.0, 0.0, 0.0, 0.0, 0.0, 0.0, 0.0, 0.0, 0.0, 0.0, 0.0, 0.0, 0.0, 0.0, 0.0, 0.0, 0.0, 0.0, 0.0, 0.0, 0.0, 0.0, 0.0, 0.0, 0.0, 0.0, 0.0, 0.0, 10.0, 0.0, 0.0, 0.0, 0.0, 0.0, 0.0, 0.0, 0.0, 0.0, 0.0, 0.0, 0.0, 0.0, 0.0, 0.0, 0.0, 0.0, 0.0, 0.0, 10.0, 0.0, 0.0, 0.0]","[151, 89, 65, 39, 77, 138, 32, 218, 51, 40, 121, 70, 37, 51, 56, 86, 117, 136, 187, 37, 17, 80, 39, 203, 38, 53, 48, 156, 24, 131, 61, 20, 198, 72, 50, 207, 58, 23, 197, 50, 311, 48, 57, 88, 99, 28, 62, 79, 183, 29, 28, 58, 44, 147, 258, 26, 28, 28, 29, 29, 30, 32, 480, 1000, 644, 56, 93, 250, 45, 45, 24, 21, 97, 158, 1000, 600, 194, 40, 59, 21, 21, 18, 104, 29, 29, 110, 219, 87, 18, 20, 308, 52, 114, 126, 1000, 345, 463, 160, 29, 27]",0.08362432996790364,0.796892192786053,0.03408208180676603,0.1030792614683535,0.0,0.126,254344.756,7.598,4211.823,19000,19000,144032,144032,18640,36,18.683333333333334,96.41666666666667,"[ 3.2608755e-02  2.5956523e-02  2.8319290e-02  5.2757502e-01
  2.5636983e-01  1.5586767e-02 -6.3733608e-02 -4.9787909e-03
  9.7411871e-02 -1.9035965e-02  1.0238115e+00  3.3703722e-02
  1.2580385e+00 -1.0260642e-03  5.2288342e-01  2.4518955e-01
  4.7585094e-01  9.2797279e-02  4.3197078e-01 -1.6001192e+00
 -4.3120325e-02  1.8542086e-01  4.2193927e-02  1.1383951e-02
 -1.0127020e+00  1.8756628e-02  2.4296992e-02  3.8447432e-02
  1.3150233e-01  1.5563219e-02  4.4266701e-02  2.9905327e-02]",0.0005000000237487257,0.0757207,-3.7591991,8.373449,0.08953422
10.0,0.0,0.6,133.06,9,0,20000,20000,False,138,20,a93f27f3ab8b419d8901a7061b5413c0,2021-10-28_22-44-23,1635479063,3.7620372772216797,72.92654538154602,94759,kevin-MS-7C95,10.0.10.216,72.92654538154602,0,20,53929_00000,"[0.0, 0.0, 0.0, 0.0, 0.0, 0.0, 0.0, 0.0, 0.0, 0.0, 0.0, 0.0, 0.0, 0.0, 0.0, 0.0, 0.0, 0.0, 10.0, 0.0, 0.0, 0.0, 0.0, 0.0, 0.0, 0.0, 0.0, 0.0, 0.0, 10.0, 0.0, 10.0, 0.0, 0.0, 0.0, 0.0, 0.0, 0.0, 0.0, 0.0, 0.0, 0.0, 0.0, 0.0, 0.0, 0.0, 0.0, 0.0, 0.0, 0.0, 0.0, 0.0, 0.0, 0.0, 0.0, 0.0, 0.0, 0.0, 0.0, 0.0, 0.0, 0.0, 0.0, 0.0, 0.0, 0.0, 0.0, 10.0, 0.0, 0.0, 0.0, 0.0, 0.0, 0.0, 0.0, 0.0, 0.0, 0.0, 0.0, 0.0, 0.0, 0.0, 0.0, 0.0, 0.0, 0.0, 0.0, 10.0, 0.0, 0.0, 0.0, 0.0, 0.0, 0.0, 0.0, 0.0, 0.0, 10.0, 0.0, 0.0]","[40, 121, 70, 37, 51, 56, 86, 117, 136, 187, 37, 17, 80, 39, 203, 38, 53, 48, 156, 24, 131, 61, 20, 198, 72, 50, 207, 58, 23, 197, 50, 311, 48, 57, 88, 99, 28, 62, 79, 183, 29, 28, 58, 44, 147, 258, 26, 28, 28, 29, 29, 30, 32, 480, 1000, 644, 56, 93, 250, 45, 45, 24, 21, 97, 158, 1000, 600, 194, 40, 59, 21, 21, 18, 104, 29, 29, 110, 219, 87, 18, 20, 308, 52, 114, 126, 1000, 345, 463, 160, 29, 27, 389, 70, 34, 49, 125, 28, 77, 22, 22]",0.08364889010195477,0.7977952559601467,0.0340928109475261,0.10308354527711046,0.0,0.115,278517.8,7.24,4419.724,20000,20000,152032,152032,19648,38,20.22,96.34,"[-5.6241717e-02 -4.5325041e-02  1.3655741e-03  4.8285466e-01
  9.8336399e-02  8.0567375e-02  6.3181669e-04 -7.8912154e-03
 -4.9161911e-02 -1.3955475e-01  8.6341858e-02  4.4456214e-02
  2.7017593e-02  1.4456183e-02 -4.1918285e-02  5.1826462e-03
  1.0850266e-02  1.7554748e-01  4.5930907e-02 -1.7866604e-02
 -7.7487826e-02  3.7514591e-01  3.6772266e-03  1.3326818e+00
  8.9539573e-02 -3.4952325e-01  1.2662363e+00 -3.3005917e-01
 -2.1655332e-02  2.2106469e-02  4.6051923e-02  1.0448599e-01]",0.0005000000237487257,0.29272994,-3.816061,11.420315,0.099274345
10.0,0.0,0.6,140.23,1,0,21000,21000,False,139,21,a93f27f3ab8b419d8901a7061b5413c0,2021-10-28_22-44-27,1635479067,3.987718343734741,76.91426372528076,94759,kevin-MS-7C95,10.0.10.216,76.91426372528076,0,21,53929_00000,"[0.0, 0.0, 0.0, 0.0, 0.0, 0.0, 0.0, 0.0, 0.0, 0.0, 0.0, 0.0, 0.0, 0.0, 0.0, 0.0, 0.0, 10.0, 0.0, 0.0, 0.0, 0.0, 0.0, 0.0, 0.0, 0.0, 0.0, 0.0, 10.0, 0.0, 10.0, 0.0, 0.0, 0.0, 0.0, 0.0, 0.0, 0.0, 0.0, 0.0, 0.0, 0.0, 0.0, 0.0, 0.0, 0.0, 0.0, 0.0, 0.0, 0.0, 0.0, 0.0, 0.0, 0.0, 0.0, 0.0, 0.0, 0.0, 0.0, 0.0, 0.0, 0.0, 0.0, 0.0, 0.0, 0.0, 10.0, 0.0, 0.0, 0.0, 0.0, 0.0, 0.0, 0.0, 0.0, 0.0, 0.0, 0.0, 0.0, 0.0, 0.0, 0.0, 0.0, 0.0, 0.0, 0.0, 10.0, 0.0, 0.0, 0.0, 0.0, 0.0, 0.0, 0.0, 0.0, 0.0, 10.0, 0.0, 0.0, 0.0]","[121, 70, 37, 51, 56, 86, 117, 136, 187, 37, 17, 80, 39, 203, 38, 53, 48, 156, 24, 131, 61, 20, 198, 72, 50, 207, 58, 23, 197, 50, 311, 48, 57, 88, 99, 28, 62, 79, 183, 29, 28, 58, 44, 147, 258, 26, 28, 28, 29, 29, 30, 32, 480, 1000, 644, 56, 93, 250, 45, 45, 24, 21, 97, 158, 1000, 600, 194, 40, 59, 21, 21, 18, 104, 29, 29, 110, 219, 87, 18, 20, 308, 52, 114, 126, 1000, 345, 463, 160, 29, 27, 389, 70, 34, 49, 125, 28, 77, 22, 22, 757]",0.08365227533387529,0.7979045342925688,0.034095116215126925,0.10308723671667412,0.0,0.145,220137.327,7.861,4070.473,21000,21000,160032,160032,20656,40,19.283333333333335,96.58333333333333,"[-1.32557726e+00  1.03706345e-02 -4.79611903e-01 -6.78655803e-02
 -1.24152228e-02 -6.98063016e-01  4.07768786e-03 -8.41752663e-02
  1.49614573e-01 -6.76322937e-01  1.17432270e-02 -2.68198729e-01
  1.90277398e-03  5.26323557e-01  2.50932574e-03  3.45915556e-03
 -1.00279830e-01  4.07740474e-03  9.32440981e-02 -1.34756416e-03
  1.19449727e-01  1.16032958e-02 -1.11668780e-02 -1.96910128e-02
  3.07540607e+00  8.46499205e-02 -1.45257264e-02  6.79591671e-02
 -4.98596579e-03 -1.67448014e-01 -3.49507093e-01 -5.76548576e-02]",0.0005000000237487257,0.47311822,-3.7375214,18.00029,-0.0053889416
10.0,0.0,0.6,149.02,1,0,22000,22000,False,140,22,a93f27f3ab8b419d8901a7061b5413c0,2021-10-28_22-44-31,1635479071,3.959221839904785,80.87348556518555,94759,kevin-MS-7C95,10.0.10.216,80.87348556518555,0,22,53929_00000,"[0.0, 0.0, 0.0, 0.0, 0.0, 0.0, 0.0, 0.0, 0.0, 0.0, 0.0, 0.0, 0.0, 0.0, 0.0, 0.0, 10.0, 0.0, 0.0, 0.0, 0.0, 0.0, 0.0, 0.0, 0.0, 0.0, 0.0, 10.0, 0.0, 10.0, 0.0, 0.0, 0.0, 0.0, 0.0, 0.0, 0.0, 0.0, 0.0, 0.0, 0.0, 0.0, 0.0, 0.0, 0.0, 0.0, 0.0, 0.0, 0.0, 0.0, 0.0, 0.0, 0.0, 0.0, 0.0, 0.0, 0.0, 0.0, 0.0, 0.0, 0.0, 0.0, 0.0, 0.0, 0.0, 10.0, 0.0, 0.0, 0.0, 0.0, 0.0, 0.0, 0.0, 0.0, 0.0, 0.0, 0.0, 0.0, 0.0, 0.0, 0.0, 0.0, 0.0, 0.0, 0.0, 10.0, 0.0, 0.0, 0.0, 0.0, 0.0, 0.0, 0.0, 0.0, 0.0, 10.0, 0.0, 0.0, 0.0, 0.0]","[70, 37, 51, 56, 86, 117, 136, 187, 37, 17, 80, 39, 203, 38, 53, 48, 156, 24, 131, 61, 20, 198, 72, 50, 207, 58, 23, 197, 50, 311, 48, 57, 88, 99, 28, 62, 79, 183, 29, 28, 58, 44, 147, 258, 26, 28, 28, 29, 29, 30, 32, 480, 1000, 644, 56, 93, 250, 45, 45, 24, 21, 97, 158, 1000, 600, 194, 40, 59, 21, 21, 18, 104, 29, 29, 110, 219, 87, 18, 20, 308, 52, 114, 126, 1000, 345, 463, 160, 29, 27, 389, 70, 34, 49, 125, 28, 77, 22, 22, 757, 1000]",0.0836576550439758,0.79803553545929,0.034098535700369574,0.10309422130763377,0.0,0.121,264364.247,7.165,4465.945,22000,22000,168032,168032,21664,42,18.860000000000003,96.7,"[ 4.3570995e-05  1.8935561e-01  2.3871504e-02 -2.8637543e-02
  1.6414576e+00 -4.5408309e-04 -2.5783576e-02 -1.3479270e-02
 -6.3591945e-01  3.7861139e-02  1.3045438e-02  2.7969405e-03
  6.2146056e-01  7.4140303e-02 -7.7382915e-02  9.2965104e-03
  6.9916159e-02  1.0992795e-02  2.3718014e-02  2.6807880e-01
 -2.3857862e-02  5.8422707e-02 -4.4796616e-02 -1.2041010e-02
  1.1207931e-02 -3.4568906e-03 -3.6587703e-01 -3.5814691e-01
  2.6042059e-02 -4.6591580e-02  2.1317661e-02  1.6442448e-02]",0.0005000000237487257,0.070624456,-2.849936,6.7705145,0.046345096
10.0,0.0,0.6,158.32,1,0,23000,23000,False,141,23,a93f27f3ab8b419d8901a7061b5413c0,2021-10-28_22-44-34,1635479074,3.8188693523406982,84.69235491752625,94759,kevin-MS-7C95,10.0.10.216,84.69235491752625,0,23,53929_00000,"[0.0, 0.0, 0.0, 0.0, 0.0, 0.0, 0.0, 0.0, 0.0, 0.0, 0.0, 0.0, 0.0, 0.0, 0.0, 10.0, 0.0, 0.0, 0.0, 0.0, 0.0, 0.0, 0.0, 0.0, 0.0, 0.0, 10.0, 0.0, 10.0, 0.0, 0.0, 0.0, 0.0, 0.0, 0.0, 0.0, 0.0, 0.0, 0.0, 0.0, 0.0, 0.0, 0.0, 0.0, 0.0, 0.0, 0.0, 0.0, 0.0, 0.0, 0.0, 0.0, 0.0, 0.0, 0.0, 0.0, 0.0, 0.0, 0.0, 0.0, 0.0, 0.0, 0.0, 0.0, 10.0, 0.0, 0.0, 0.0, 0.0, 0.0, 0.0, 0.0, 0.0, 0.0, 0.0, 0.0, 0.0, 0.0, 0.0, 0.0, 0.0, 0.0, 0.0, 0.0, 10.0, 0.0, 0.0, 0.0, 0.0, 0.0, 0.0, 0.0, 0.0, 0.0, 10.0, 0.0, 0.0, 0.0, 0.0, 0.0]","[37, 51, 56, 86, 117, 136, 187, 37, 17, 80, 39, 203, 38, 53, 48, 156, 24, 131, 61, 20, 198, 72, 50, 207, 58, 23, 197, 50, 311, 48, 57, 88, 99, 28, 62, 79, 183, 29, 28, 58, 44, 147, 258, 26, 28, 28, 29, 29, 30, 32, 480, 1000, 644, 56, 93, 250, 45, 45, 24, 21, 97, 158, 1000, 600, 194, 40, 59, 21, 21, 18, 104, 29, 29, 110, 219, 87, 18, 20, 308, 52, 114, 126, 1000, 345, 463, 160, 29, 27, 389, 70, 34, 49, 125, 28, 77, 22, 22, 757, 1000, 1000]",0.08366252842446854,0.7981763811925187,0.034101935961525685,0.10310252829559195,0.0,0.137,232895.589,7.87,4066.169,23000,23000,176032,176032,22672,44,19.933333333333334,97.13333333333333,"[ 0.00166315 -0.00996124 -0.06658136 -0.06938127 -0.00635192 -0.03463268
  0.00816035 -0.03151447  0.00737114 -0.04060864 -0.1756038  -0.05119422
 -0.00361518 -0.0646832  -0.5367916  -0.05186305  0.00326292 -0.01538867
 -0.9577105   0.00266497 -0.01062754  0.06162079 -0.34567982  0.03600466
 -0.00171359 -0.07881737  0.00421495 -0.10939956 -0.01398193  0.25134373
 -0.07193038  0.00802539]",0.0005000000237487257,0.055737495,-2.137113,6.305258,-0.07386563
10.0,0.0,0.6,172.16,3,0,24000,24000,False,144,24,a93f27f3ab8b419d8901a7061b5413c0,2021-10-28_22-44-38,1635479078,3.8999314308166504,88.5922863483429,94759,kevin-MS-7C95,10.0.10.216,88.5922863483429,0,24,53929_00000,"[0.0, 0.0, 0.0, 0.0, 0.0, 0.0, 0.0, 0.0, 0.0, 0.0, 0.0, 0.0, 10.0, 0.0, 0.0, 0.0, 0.0, 0.0, 0.0, 0.0, 0.0, 0.0, 0.0, 10.0, 0.0, 10.0, 0.0, 0.0, 0.0, 0.0, 0.0, 0.0, 0.0, 0.0, 0.0, 0.0, 0.0, 0.0, 0.0, 0.0, 0.0, 0.0, 0.0, 0.0, 0.0, 0.0, 0.0, 0.0, 0.0, 0.0, 0.0, 0.0, 0.0, 0.0, 0.0, 0.0, 0.0, 0.0, 0.0, 0.0, 0.0, 10.0, 0.0, 0.0, 0.0, 0.0, 0.0, 0.0, 0.0, 0.0, 0.0, 0.0, 0.0, 0.0, 0.0, 0.0, 0.0, 0.0, 0.0, 0.0, 0.0, 10.0, 0.0, 0.0, 0.0, 0.0, 0.0, 0.0, 0.0, 0.0, 0.0, 10.0, 0.0, 0.0, 0.0, 0.0, 0.0, 0.0, 0.0, 0.0]","[86, 117, 136, 187, 37, 17, 80, 39, 203, 38, 53, 48, 156, 24, 131, 61, 20, 198, 72, 50, 207, 58, 23, 197, 50, 311, 48, 57, 88, 99, 28, 62, 79, 183, 29, 28, 58, 44, 147, 258, 26, 28, 28, 29, 29, 30, 32, 480, 1000, 644, 56, 93, 250, 45, 45, 24, 21, 97, 158, 1000, 600, 194, 40, 59, 21, 21, 18, 104, 29, 29, 110, 219, 87, 18, 20, 308, 52, 114, 126, 1000, 345, 463, 160, 29, 27, 389, 70, 34, 49, 125, 28, 77, 22, 22, 757, 1000, 1000, 976, 409, 143]",0.08368060270400178,0.7986351018390293,0.03411370773944187,0.10312975256463741,0.0,0.176,182237.241,7.855,4073.623,24000,24000,184032,184032,23680,46,18.88,97.26,"[-0.03629195 -0.03514951 -0.08612028 -0.02462205 -0.00350708 -0.05488086
 -0.02509163  0.7067349  -0.03196809 -0.10096478 -0.05862383  0.01026413
  0.07962433 -0.07427914  0.01064914 -0.04455719 -0.01039138 -0.00398888
 -0.05022188  0.00658572 -0.23823968  1.2179785  -0.21498935  0.05663488
 -0.07849133 -0.03661078 -0.03217058 -0.15626836 -0.14333215 -1.4498644
 -0.07272243 -0.05567158]",0.0005000000237487257,0.6451822,-1.2635099,9.4389715,-0.032204613
10.0,0.0,0.9,177.79,3,0,25000,25000,False,147,25,a93f27f3ab8b419d8901a7061b5413c0,2021-10-28_22-44-42,1635479082,3.8737339973449707,92.46602034568787,94759,kevin-MS-7C95,10.0.10.216,92.46602034568787,0,25,53929_00000,"[0.0, 0.0, 0.0, 0.0, 0.0, 0.0, 0.0, 0.0, 0.0, 10.0, 0.0, 0.0, 0.0, 0.0, 0.0, 0.0, 0.0, 0.0, 0.0, 0.0, 10.0, 0.0, 10.0, 0.0, 0.0, 0.0, 0.0, 0.0, 0.0, 0.0, 0.0, 0.0, 0.0, 0.0, 0.0, 0.0, 0.0, 0.0, 0.0, 0.0, 0.0, 0.0, 0.0, 0.0, 0.0, 0.0, 0.0, 0.0, 0.0, 0.0, 0.0, 0.0, 0.0, 0.0, 0.0, 0.0, 0.0, 0.0, 10.0, 0.0, 0.0, 0.0, 0.0, 0.0, 0.0, 0.0, 0.0, 0.0, 0.0, 0.0, 0.0, 0.0, 0.0, 0.0, 0.0, 0.0, 0.0, 0.0, 10.0, 0.0, 0.0, 0.0, 0.0, 0.0, 0.0, 0.0, 0.0, 0.0, 10.0, 0.0, 0.0, 0.0, 0.0, 0.0, 0.0, 0.0, 0.0, 10.0, 10.0, 10.0]","[187, 37, 17, 80, 39, 203, 38, 53, 48, 156, 24, 131, 61, 20, 198, 72, 50, 207, 58, 23, 197, 50, 311, 48, 57, 88, 99, 28, 62, 79, 183, 29, 28, 58, 44, 147, 258, 26, 28, 28, 29, 29, 30, 32, 480, 1000, 644, 56, 93, 250, 45, 45, 24, 21, 97, 158, 1000, 600, 194, 40, 59, 21, 21, 18, 104, 29, 29, 110, 219, 87, 18, 20, 308, 52, 114, 126, 1000, 345, 463, 160, 29, 27, 389, 70, 34, 49, 125, 28, 77, 22, 22, 757, 1000, 1000, 976, 409, 143, 136, 509, 257]",0.08370158184405824,0.7991306661902562,0.0341274430956259,0.10316984750169154,0.0,0.124,258757.91,7.725,4142.535,25000,25000,192032,192032,24688,48,21.75,96.61666666666667,"[-5.9865505e-02 -2.4292111e-02 -8.4389746e-04 -3.2054988e-01
  7.5971335e-03 -4.2724021e-02 -2.8138714e+00 -1.7037910e-01
 -4.1128248e-03 -1.3595090e+00  3.0398846e-01  2.0104989e-02
 -1.4556521e-01 -3.1336941e-02  5.9932172e-03  3.1678393e-02
 -1.2879853e+00 -6.5169334e-03 -4.4929147e-02  2.3007244e-02
 -7.6550804e-03 -1.7685890e-02 -1.8448187e-02  5.3496808e-03
  8.9750528e-02  1.2359589e-02 -7.6550804e-03 -3.9930761e-02
 -1.8801298e+00 -1.7975743e-01  8.6720139e-03  1.3195384e-01]",0.0005000000237487257,1.2374966,-1.2045414,8.757568,-0.24447778
10.0,0.0,0.9,186.28,2,0,26000,26000,False,149,26,a93f27f3ab8b419d8901a7061b5413c0,2021-10-28_22-44-46,1635479086,3.8496150970458984,96.31563544273376,94759,kevin-MS-7C95,10.0.10.216,96.31563544273376,0,26,53929_00000,"[0.0, 0.0, 0.0, 0.0, 0.0, 0.0, 0.0, 10.0, 0.0, 0.0, 0.0, 0.0, 0.0, 0.0, 0.0, 0.0, 0.0, 0.0, 10.0, 0.0, 10.0, 0.0, 0.0, 0.0, 0.0, 0.0, 0.0, 0.0, 0.0, 0.0, 0.0, 0.0, 0.0, 0.0, 0.0, 0.0, 0.0, 0.0, 0.0, 0.0, 0.0, 0.0, 0.0, 0.0, 0.0, 0.0, 0.0, 0.0, 0.0, 0.0, 0.0, 0.0, 0.0, 0.0, 0.0, 0.0, 10.0, 0.0, 0.0, 0.0, 0.0, 0.0, 0.0, 0.0, 0.0, 0.0, 0.0, 0.0, 0.0, 0.0, 0.0, 0.0, 0.0, 0.0, 0.0, 0.0, 10.0, 0.0, 0.0, 0.0, 0.0, 0.0, 0.0, 0.0, 0.0, 0.0, 10.0, 0.0, 0.0, 0.0, 0.0, 0.0, 0.0, 0.0, 0.0, 10.0, 10.0, 10.0, 0.0, 0.0]","[17, 80, 39, 203, 38, 53, 48, 156, 24, 131, 61, 20, 198, 72, 50, 207, 58, 23, 197, 50, 311, 48, 57, 88, 99, 28, 62, 79, 183, 29, 28, 58, 44, 147, 258, 26, 28, 28, 29, 29, 30, 32, 480, 1000, 644, 56, 93, 250, 45, 45, 24, 21, 97, 158, 1000, 600, 194, 40, 59, 21, 21, 18, 104, 29, 29, 110, 219, 87, 18, 20, 308, 52, 114, 126, 1000, 345, 463, 160, 29, 27, 389, 70, 34, 49, 125, 28, 77, 22, 22, 757, 1000, 1000, 976, 409, 143, 136, 509, 257, 582, 491]",0.08371773413312499,0.7994831990635476,0.03413812823919526,0.10320576825052019,0.0,0.159,200864.603,7.945,4027.805,26000,26000,200032,200032,25696,50,20.15,97.16666666666667,"[ 0.14033028  0.08320498 -0.05496806  0.04287338  0.08320498  0.18572533
  0.2912197   0.01933011  0.02801242  0.32941246  0.07127103  0.50476027
 -0.06247014 -0.05713296  0.05076965  0.03711307  0.15548724  0.14773
  0.06597731  0.19732094 -0.00261101  0.02578009 -0.11507541  0.06920362
  0.03979732  0.00509849  0.05676015 -0.02121592  0.01429962 -0.08768615
  0.03025331  0.5659326 ]",0.0005000000237487257,1.112484,-0.7500318,9.541763,0.088740885
10.0,0.0,0.9,188.14,2,0,27000,27000,False,151,27,a93f27f3ab8b419d8901a7061b5413c0,2021-10-28_22-44-50,1635479090,3.742197275161743,100.05783271789551,94759,kevin-MS-7C95,10.0.10.216,100.05783271789551,0,27,53929_00000,"[0.0, 0.0, 0.0, 0.0, 0.0, 10.0, 0.0, 0.0, 0.0, 0.0, 0.0, 0.0, 0.0, 0.0, 0.0, 0.0, 10.0, 0.0, 10.0, 0.0, 0.0, 0.0, 0.0, 0.0, 0.0, 0.0, 0.0, 0.0, 0.0, 0.0, 0.0, 0.0, 0.0, 0.0, 0.0, 0.0, 0.0, 0.0, 0.0, 0.0, 0.0, 0.0, 0.0, 0.0, 0.0, 0.0, 0.0, 0.0, 0.0, 0.0, 0.0, 0.0, 0.0, 0.0, 10.0, 0.0, 0.0, 0.0, 0.0, 0.0, 0.0, 0.0, 0.0, 0.0, 0.0, 0.0, 0.0, 0.0, 0.0, 0.0, 0.0, 0.0, 0.0, 0.0, 10.0, 0.0, 0.0, 0.0, 0.0, 0.0, 0.0, 0.0, 0.0, 0.0, 10.0, 0.0, 0.0, 0.0, 0.0, 0.0, 0.0, 0.0, 0.0, 10.0, 10.0, 10.0, 0.0, 0.0, 0.0, 0.0]","[39, 203, 38, 53, 48, 156, 24, 131, 61, 20, 198, 72, 50, 207, 58, 23, 197, 50, 311, 48, 57, 88, 99, 28, 62, 79, 183, 29, 28, 58, 44, 147, 258, 26, 28, 28, 29, 29, 30, 32, 480, 1000, 644, 56, 93, 250, 45, 45, 24, 21, 97, 158, 1000, 600, 194, 40, 59, 21, 21, 18, 104, 29, 29, 110, 219, 87, 18, 20, 308, 52, 114, 126, 1000, 345, 463, 160, 29, 27, 389, 70, 34, 49, 125, 28, 77, 22, 22, 757, 1000, 1000, 976, 409, 143, 136, 509, 257, 582, 491, 225, 58]",0.08373163737873777,0.7998279962071223,0.0341480172113177,0.1032400271710538,0.0,0.141,226642.567,7.786,4109.947,27000,27000,208032,208032,26704,52,19.16,97.26,"[ 0.0429762   0.02517937  0.16835737  0.01450099  0.07495105 -0.5136223
  0.04627798  0.02689745  0.09235035  0.15433484  0.10939637  0.11449451
  0.02983656  0.00490573  0.07472044  0.03643167  0.04454935 -0.24706692
  0.10050577  0.08494303  0.16890678 -0.07232642 -0.9849045   0.10794891
  0.05754918  0.11185497  0.13770056  0.01310036  0.26063234  0.0429762
 -0.0140323   0.00466225]",0.0005000000237487257,0.7793261,-0.5377203,8.081138,0.009968381
10.0,0.0,1.0,197.04,4,0,28000,28000,False,155,28,a93f27f3ab8b419d8901a7061b5413c0,2021-10-28_22-44-54,1635479094,3.872931957244873,103.93076467514038,94759,kevin-MS-7C95,10.0.10.216,103.93076467514038,0,28,53929_00000,"[0.0, 10.0, 0.0, 0.0, 0.0, 0.0, 0.0, 0.0, 0.0, 0.0, 0.0, 0.0, 10.0, 0.0, 10.0, 0.0, 0.0, 0.0, 0.0, 0.0, 0.0, 0.0, 0.0, 0.0, 0.0, 0.0, 0.0, 0.0, 0.0, 0.0, 0.0, 0.0, 0.0, 0.0, 0.0, 0.0, 0.0, 0.0, 0.0, 0.0, 0.0, 0.0, 0.0, 0.0, 0.0, 0.0, 0.0, 0.0, 0.0, 0.0, 10.0, 0.0, 0.0, 0.0, 0.0, 0.0, 0.0, 0.0, 0.0, 0.0, 0.0, 0.0, 0.0, 0.0, 0.0, 0.0, 0.0, 0.0, 0.0, 0.0, 10.0, 0.0, 0.0, 0.0, 0.0, 0.0, 0.0, 0.0, 0.0, 0.0, 10.0, 0.0, 0.0, 0.0, 0.0, 0.0, 0.0, 0.0, 0.0, 10.0, 10.0, 10.0, 0.0, 0.0, 0.0, 0.0, 10.0, 0.0, 0.0, 0.0]","[48, 156, 24, 131, 61, 20, 198, 72, 50, 207, 58, 23, 197, 50, 311, 48, 57, 88, 99, 28, 62, 79, 183, 29, 28, 58, 44, 147, 258, 26, 28, 28, 29, 29, 30, 32, 480, 1000, 644, 56, 93, 250, 45, 45, 24, 21, 97, 158, 1000, 600, 194, 40, 59, 21, 21, 18, 104, 29, 29, 110, 219, 87, 18, 20, 308, 52, 114, 126, 1000, 345, 463, 160, 29, 27, 389, 70, 34, 49, 125, 28, 77, 22, 22, 757, 1000, 1000, 976, 409, 143, 136, 509, 257, 582, 491, 225, 58, 891, 157, 73, 102]",0.08375776151394895,0.8005423124514423,0.03416772793496658,0.10331390323557779,0.0,0.101,317449.688,6.739,4748.129,28000,28000,216032,216032,27712,54,21.080000000000002,97.47999999999999,"[ 0.11971384  0.19526416  0.09323087 -0.13175368 -0.07134777  0.01536646
  0.03445089  0.1389457   0.044763    0.03324437  0.01685145  0.15173191
 -0.02871338  0.03669697  0.15842703 -0.14325118 -1.0138178   0.20880765
  0.06445564  0.47706842  0.19406426  0.0790979   0.06549609 -0.03447202
 -0.06780827 -0.13175368 -0.29685408  0.1572591   3.0847583   0.9296622
  0.06619421 -0.02053881]",0.0005000000237487257,1.4360795,-0.03312649,8.434347,0.13828874
10.0,0.0,0.9,209.8,3,0,29000,29000,False,158,29,a93f27f3ab8b419d8901a7061b5413c0,2021-10-28_22-44-58,1635479098,3.747144937515259,107.67790961265564,94759,kevin-MS-7C95,10.0.10.216,107.67790961265564,0,29,53929_00000,"[0.0, 0.0, 0.0, 0.0, 0.0, 0.0, 0.0, 0.0, 0.0, 10.0, 0.0, 10.0, 0.0, 0.0, 0.0, 0.0, 0.0, 0.0, 0.0, 0.0, 0.0, 0.0, 0.0, 0.0, 0.0, 0.0, 0.0, 0.0, 0.0, 0.0, 0.0, 0.0, 0.0, 0.0, 0.0, 0.0, 0.0, 0.0, 0.0, 0.0, 0.0, 0.0, 0.0, 0.0, 0.0, 0.0, 0.0, 10.0, 0.0, 0.0, 0.0, 0.0, 0.0, 0.0, 0.0, 0.0, 0.0, 0.0, 0.0, 0.0, 0.0, 0.0, 0.0, 0.0, 0.0, 0.0, 0.0, 10.0, 0.0, 0.0, 0.0, 0.0, 0.0, 0.0, 0.0, 0.0, 0.0, 10.0, 0.0, 0.0, 0.0, 0.0, 0.0, 0.0, 0.0, 0.0, 10.0, 10.0, 10.0, 0.0, 0.0, 0.0, 0.0, 10.0, 0.0, 0.0, 0.0, 0.0, 0.0, 0.0]","[131, 61, 20, 198, 72, 50, 207, 58, 23, 197, 50, 311, 48, 57, 88, 99, 28, 62, 79, 183, 29, 28, 58, 44, 147, 258, 26, 28, 28, 29, 29, 30, 32, 480, 1000, 644, 56, 93, 250, 45, 45, 24, 21, 97, 158, 1000, 600, 194, 40, 59, 21, 21, 18, 104, 29, 29, 110, 219, 87, 18, 20, 308, 52, 114, 126, 1000, 345, 463, 160, 29, 27, 389, 70, 34, 49, 125, 28, 77, 22, 22, 757, 1000, 1000, 976, 409, 143, 136, 509, 257, 582, 491, 225, 58, 891, 157, 73, 102, 1000, 401, 103]",0.08377405957357281,0.8010526846527093,0.03418158331831685,0.10336857717805184,0.0,0.125,256777.746,7.294,4387.333,29000,29000,224032,224032,28720,56,19.13333333333333,97.66666666666664,"[ 0.01874802  0.04459995 -0.04609537  0.00687045 -1.8864241   0.18996513
 -0.08757383 -0.03676271  0.5816751  -0.04263973 -0.05439597 -0.03793761
 -0.37736607 -0.04514205  0.02229553  0.21169938 -0.06122661  0.01331031
  0.00242049  0.0388518  -0.2414629   0.04423684 -0.03140706  0.01045057
 -0.02741027 -0.05069625  0.12171966 -0.07083738 -0.02470616 -0.04536742
  0.08952236 -0.58517313]",0.0005000000237487257,1.2281202,-0.44936398,10.373263,-0.07363309
10.0,0.0,0.9,217.69,2,0,30000,30000,False,160,30,a93f27f3ab8b419d8901a7061b5413c0,2021-10-28_22-45-02,1635479102,4.092265844345093,111.77017545700073,94759,kevin-MS-7C95,10.0.10.216,111.77017545700073,0,30,53929_00000,"[0.0, 0.0, 0.0, 0.0, 0.0, 0.0, 0.0, 10.0, 0.0, 10.0, 0.0, 0.0, 0.0, 0.0, 0.0, 0.0, 0.0, 0.0, 0.0, 0.0, 0.0, 0.0, 0.0, 0.0, 0.0, 0.0, 0.0, 0.0, 0.0, 0.0, 0.0, 0.0, 0.0, 0.0, 0.0, 0.0, 0.0, 0.0, 0.0, 0.0, 0.0, 0.0, 0.0, 0.0, 0.0, 10.0, 0.0, 0.0, 0.0, 0.0, 0.0, 0.0, 0.0, 0.0, 0.0, 0.0, 0.0, 0.0, 0.0, 0.0, 0.0, 0.0, 0.0, 0.0, 0.0, 10.0, 0.0, 0.0, 0.0, 0.0, 0.0, 0.0, 0.0, 0.0, 0.0, 10.0, 0.0, 0.0, 0.0, 0.0, 0.0, 0.0, 0.0, 0.0, 10.0, 10.0, 10.0, 0.0, 0.0, 0.0, 0.0, 10.0, 0.0, 0.0, 0.0, 0.0, 0.0, 0.0, 0.0, 0.0]","[20, 198, 72, 50, 207, 58, 23, 197, 50, 311, 48, 57, 88, 99, 28, 62, 79, 183, 29, 28, 58, 44, 147, 258, 26, 28, 28, 29, 29, 30, 32, 480, 1000, 644, 56, 93, 250, 45, 45, 24, 21, 97, 158, 1000, 600, 194, 40, 59, 21, 21, 18, 104, 29, 29, 110, 219, 87, 18, 20, 308, 52, 114, 126, 1000, 345, 463, 160, 29, 27, 389, 70, 34, 49, 125, 28, 77, 22, 22, 757, 1000, 1000, 976, 409, 143, 136, 509, 257, 582, 491, 225, 58, 891, 157, 73, 102, 1000, 401, 103, 933, 48]",0.0837899820304306,0.8014602080629457,0.03419367390437615,0.10341590803359942,0.0,0.107,300196.216,7.108,4502.047,30000,30000,232032,232032,29728,58,17.766666666666666,97.89999999999999,"[-0.03523415 -0.01550204 -0.02616796  0.02896374  0.2851637  -0.07201064
  0.09648019 -0.00442046 -0.3095188  -0.02697802 -0.04835503 -0.05480623
 -0.04154027  0.13131115 -0.01074199  1.0644989  -0.02821684 -0.09059118
 -0.02970788 -0.00561827 -0.02411258  0.0199106  -0.07165074 -0.00304899
 -0.01806141 -0.00570264  0.1748476   0.02366582  0.11910135 -0.01501361
 -0.04400161  0.16515243]",0.0005000000237487257,1.069354,-0.56773424,10.293445,0.035252944
10.0,0.0,0.9,223.29,4,0,31000,31000,False,164,31,a93f27f3ab8b419d8901a7061b5413c0,2021-10-28_22-45-06,1635479106,3.8999996185302734,115.670175075531,94759,kevin-MS-7C95,10.0.10.216,115.670175075531,0,31,53929_00000,"[0.0, 0.0, 0.0, 10.0, 0.0, 10.0, 0.0, 0.0, 0.0, 0.0, 0.0, 0.0, 0.0, 0.0, 0.0, 0.0, 0.0, 0.0, 0.0, 0.0, 0.0, 0.0, 0.0, 0.0, 0.0, 0.0, 0.0, 0.0, 0.0, 0.0, 0.0, 0.0, 0.0, 0.0, 0.0, 0.0, 0.0, 0.0, 0.0, 0.0, 0.0, 10.0, 0.0, 0.0, 0.0, 0.0, 0.0, 0.0, 0.0, 0.0, 0.0, 0.0, 0.0, 0.0, 0.0, 0.0, 0.0, 0.0, 0.0, 0.0, 0.0, 10.0, 0.0, 0.0, 0.0, 0.0, 0.0, 0.0, 0.0, 0.0, 0.0, 10.0, 0.0, 0.0, 0.0, 0.0, 0.0, 0.0, 0.0, 0.0, 10.0, 10.0, 10.0, 0.0, 0.0, 0.0, 0.0, 10.0, 0.0, 0.0, 0.0, 0.0, 0.0, 0.0, 0.0, 0.0, 0.0, 0.0, 0.0, 0.0]","[207, 58, 23, 197, 50, 311, 48, 57, 88, 99, 28, 62, 79, 183, 29, 28, 58, 44, 147, 258, 26, 28, 28, 29, 29, 30, 32, 480, 1000, 644, 56, 93, 250, 45, 45, 24, 21, 97, 158, 1000, 600, 194, 40, 59, 21, 21, 18, 104, 29, 29, 110, 219, 87, 18, 20, 308, 52, 114, 126, 1000, 345, 463, 160, 29, 27, 389, 70, 34, 49, 125, 28, 77, 22, 22, 757, 1000, 1000, 976, 409, 143, 136, 509, 257, 582, 491, 225, 58, 891, 157, 73, 102, 1000, 401, 103, 933, 48, 271, 50, 22, 557]",0.08382595266061385,0.8022885884924014,0.03421989800881595,0.10351880569350773,0.0,0.148,216166.416,8.07,3965.354,31000,31000,240032,240032,30736,60,20.380000000000003,98.0,"[ 0.03099531  0.05814004 -0.01165485  0.00695178 -0.20268255 -0.0121949
  0.02752498  0.01874363  0.05743194  0.22754395 -0.20402914 -0.00438523
  0.02204722  0.03679878 -0.49726868 -0.00945443  0.0215134   0.04055178
  0.04651058  0.07086265 -0.4456885  -0.09416326  0.00523663  0.08985639
 -0.16930187  0.05196154  0.16411209  0.05348611  0.02947426 -0.01622087
 -0.01262927 -0.00536808]",0.0005000000237487257,1.7104117,-0.11666234,10.184009,-0.01954058
10.0,0.0,0.9,226.11,6,0,32000,32000,False,170,32,a93f27f3ab8b419d8901a7061b5413c0,2021-10-28_22-45-09,1635479109,3.887129306793213,119.55730438232422,94759,kevin-MS-7C95,10.0.10.216,119.55730438232422,0,32,53929_00000,"[0.0, 0.0, 0.0, 0.0, 0.0, 0.0, 0.0, 0.0, 0.0, 0.0, 0.0, 0.0, 0.0, 0.0, 0.0, 0.0, 0.0, 0.0, 0.0, 0.0, 0.0, 0.0, 0.0, 0.0, 0.0, 0.0, 0.0, 0.0, 0.0, 0.0, 0.0, 0.0, 0.0, 0.0, 0.0, 10.0, 0.0, 0.0, 0.0, 0.0, 0.0, 0.0, 0.0, 0.0, 0.0, 0.0, 0.0, 0.0, 0.0, 0.0, 0.0, 0.0, 0.0, 0.0, 0.0, 10.0, 0.0, 0.0, 0.0, 0.0, 0.0, 0.0, 0.0, 0.0, 0.0, 10.0, 0.0, 0.0, 0.0, 0.0, 0.0, 0.0, 0.0, 0.0, 10.0, 10.0, 10.0, 0.0, 0.0, 0.0, 0.0, 10.0, 0.0, 0.0, 0.0, 0.0, 0.0, 0.0, 0.0, 0.0, 0.0, 0.0, 0.0, 0.0, 10.0, 0.0, 0.0, 0.0, 0.0, 10.0]","[48, 57, 88, 99, 28, 62, 79, 183, 29, 28, 58, 44, 147, 258, 26, 28, 28, 29, 29, 30, 32, 480, 1000, 644, 56, 93, 250, 45, 45, 24, 21, 97, 158, 1000, 600, 194, 40, 59, 21, 21, 18, 104, 29, 29, 110, 219, 87, 18, 20, 308, 52, 114, 126, 1000, 345, 463, 160, 29, 27, 389, 70, 34, 49, 125, 28, 77, 22, 22, 757, 1000, 1000, 976, 409, 143, 136, 509, 257, 582, 491, 225, 58, 891, 157, 73, 102, 1000, 401, 103, 933, 48, 271, 50, 22, 557, 438, 275, 33, 47, 268, 67]",0.08388494916668353,0.8035916662936299,0.034262159018336014,0.10368574287022697,0.0,0.118,272136.513,7.384,4333.434,32000,32000,248032,248032,31744,62,19.533333333333335,98.03333333333335,"[ 0.06125219 -1.2867618   0.02221388  0.01759419 -0.03268766 -0.01631042
 -0.09863541  0.18845516 -0.01742023  0.07574528 -0.01554787 -0.01585272
 -0.01646969 -0.03237236 -0.09451002 -0.03086501  0.03902093 -0.04090941
  0.00770438 -1.669404   -0.01800776 -0.01772571 -0.05470109 -0.0432663
 -0.01703638  0.77852345 -0.05458891 -0.8214092  -0.02608174  0.01093715
 -0.04013821 -0.01547927]",0.0005000000237487257,1.3741391,-0.28406265,10.978241,-0.10233547
10.0,0.0,1.0,232.05,5,0,33000,33000,False,175,33,a93f27f3ab8b419d8901a7061b5413c0,2021-10-28_22-45-13,1635479113,3.857006549835205,123.41431093215942,94759,kevin-MS-7C95,10.0.10.216,123.41431093215942,0,33,53929_00000,"[0.0, 0.0, 0.0, 0.0, 0.0, 0.0, 0.0, 0.0, 0.0, 0.0, 0.0, 0.0, 0.0, 0.0, 0.0, 0.0, 0.0, 0.0, 0.0, 0.0, 0.0, 0.0, 0.0, 0.0, 0.0, 0.0, 0.0, 0.0, 0.0, 0.0, 10.0, 0.0, 0.0, 0.0, 0.0, 0.0, 0.0, 0.0, 0.0, 0.0, 0.0, 0.0, 0.0, 0.0, 0.0, 0.0, 0.0, 0.0, 0.0, 0.0, 10.0, 0.0, 0.0, 0.0, 0.0, 0.0, 0.0, 0.0, 0.0, 0.0, 10.0, 0.0, 0.0, 0.0, 0.0, 0.0, 0.0, 0.0, 0.0, 10.0, 10.0, 10.0, 0.0, 0.0, 0.0, 0.0, 10.0, 0.0, 0.0, 0.0, 0.0, 0.0, 0.0, 0.0, 0.0, 0.0, 0.0, 0.0, 0.0, 10.0, 0.0, 0.0, 0.0, 0.0, 10.0, 10.0, 0.0, 0.0, 0.0, 0.0]","[62, 79, 183, 29, 28, 58, 44, 147, 258, 26, 28, 28, 29, 29, 30, 32, 480, 1000, 644, 56, 93, 250, 45, 45, 24, 21, 97, 158, 1000, 600, 194, 40, 59, 21, 21, 18, 104, 29, 29, 110, 219, 87, 18, 20, 308, 52, 114, 126, 1000, 345, 463, 160, 29, 27, 389, 70, 34, 49, 125, 28, 77, 22, 22, 757, 1000, 1000, 976, 409, 143, 136, 509, 257, 582, 491, 225, 58, 891, 157, 73, 102, 1000, 401, 103, 933, 48, 271, 50, 22, 557, 438, 275, 33, 47, 268, 67, 229, 109, 166, 262, 148]",0.08395228165751885,0.8048075147408702,0.03430630444242292,0.10385281526888569,0.0,0.138,232130.28,7.353,4351.982,33000,33000,256032,256032,32752,64,19.18,98.13999999999999,"[-0.08279364 -0.10027304 -0.00776145  0.04089168 -0.00559086 -0.16675949
  0.13739702  0.06523973  0.03004497 -0.09138513  0.12281418 -0.00793207
 -0.01960659 -0.40200806  0.05957389 -0.6494339  -0.01504081 -0.02502054
  0.12296331 -0.03019065 -0.10027304  0.01684809  0.00543666 -0.17548084
  0.04026091  0.01051152  0.007774    0.01298615  0.04379517  0.19394374
  0.01663166  0.05430484]",0.0005000000237487257,1.89326,-0.34941307,12.285146,-0.028066643
